,capacity_last_metric_bolt,capacity_elastic_search_bolt,pre_Message_dispatcher_bolt,check_message_bolt,message_dispatcher_bolt,metric_bolt,group_status_information_bolt,Real_time_merger_bolt
45683,0.8240000000000001,0.009,0.0069999999999999,0.342,0.475,0.647,0.665,0.002
45684,0.8220000000000001,0.009,0.0069999999999999,0.34,0.482,0.6709999999999999,0.662,0.002
45685,0.8290000000000001,0.01,0.0069999999999999,0.346,0.475,0.6579999999999999,0.659,0.002
45686,0.838,0.011,0.0069999999999999,0.346,0.467,0.6629999999999999,0.655,0.002
45687,0.8290000000000001,0.01,0.0069999999999999,0.348,0.461,0.664,0.653,0.002
45688,0.8290000000000001,0.009,0.008,0.348,0.465,0.652,0.6609999999999999,0.002
45689,0.831,0.009,0.008,0.353,0.467,0.662,0.672,0.002
45690,0.8290000000000001,0.01,0.008,0.35,0.462,0.657,0.669,0.002
45691,0.8290000000000001,0.01,0.008,0.353,0.467,0.642,0.68,0.002
45692,0.8290000000000001,0.011,0.008,0.354,0.465,0.6559999999999999,0.68,0.002
45693,0.8340000000000001,0.011,0.008,0.362,0.472,0.6629999999999999,0.675,0.002
45694,0.8270000000000001,0.01,0.008,0.362,0.462,0.6629999999999999,0.6659999999999999,0.002
45695,0.831,0.009,0.008,0.361,0.494,0.662,0.669,0.002
45696,0.8340000000000001,0.01,0.008,0.349,0.492,0.6629999999999999,0.6779999999999999,0.002
45697,0.841,0.01,0.0069999999999999,0.352,0.503,0.674,0.659,0.002
45698,0.8490000000000001,0.01,0.0069999999999999,0.354,0.515,0.674,0.653,0.002
45699,0.8340000000000001,0.01,0.0069999999999999,0.361,0.519,0.68,0.669,0.002
45700,0.845,0.01,0.0069999999999999,0.359,0.512,0.6759999999999999,0.6679999999999999,0.002
45701,0.867,0.011,0.0069999999999999,0.354,0.502,0.6920000000000001,0.674,0.002
45702,0.863,0.011,0.0069999999999999,0.364,0.492,0.7240000000000001,0.667,0.002
45703,0.858,0.011,0.0069999999999999,0.361,0.489,0.721,0.674,0.002
45704,0.843,0.01,0.0069999999999999,0.344,0.488,0.7020000000000001,0.675,0.002
45705,0.8320000000000001,0.011,0.006,0.348,0.471,0.7020000000000001,0.6709999999999999,0.002
45706,0.841,0.008,0.0069999999999999,0.351,0.466,0.6920000000000001,0.67,0.002
45707,0.835,0.009,0.0069999999999999,0.347,0.465,0.691,0.6759999999999999,0.002
45708,0.85,0.009,0.0069999999999999,0.34,0.465,0.684,0.6779999999999999,0.002
45709,0.84,0.009,0.006,0.332,0.467,0.677,0.6709999999999999,0.002
45710,0.853,0.009,0.0069999999999999,0.3379999999999999,0.479,0.667,0.6809999999999999,0.002
45711,0.851,0.009,0.0069999999999999,0.3429999999999999,0.473,0.653,0.6629999999999999,0.002
45712,0.8270000000000001,0.009,0.0069999999999999,0.344,0.472,0.664,0.688,0.002
45713,0.8340000000000001,0.01,0.0069999999999999,0.351,0.471,0.654,0.679,0.002
45714,0.8390000000000001,0.012,0.0069999999999999,0.342,0.479,0.65,0.691,0.002
45715,0.84,0.012,0.006,0.344,0.473,0.6509999999999999,0.69,0.002
45716,0.8270000000000001,0.013,0.006,0.35,0.4679999999999999,0.659,0.6829999999999999,0.002
45717,0.841,0.0139999999999999,0.0069999999999999,0.351,0.484,0.653,0.672,0.002
45718,0.838,0.012,0.0069999999999999,0.354,0.477,0.65,0.665,0.002
45719,0.8270000000000001,0.012,0.0069999999999999,0.348,0.484,0.6459999999999999,0.664,0.002
45720,0.8540000000000001,0.012,0.0069999999999999,0.349,0.47,0.6559999999999999,0.675,0.002
45721,0.8490000000000001,0.013,0.0069999999999999,0.341,0.456,0.67,0.667,0.002
45722,0.851,0.013,0.0069999999999999,0.344,0.467,0.662,0.6609999999999999,0.002
45723,0.865,0.013,0.0069999999999999,0.35,0.471,0.645,0.664,0.002
45724,0.846,0.009,0.0069999999999999,0.3429999999999999,0.477,0.6409999999999999,0.654,0.002
45725,0.84,0.009,0.0069999999999999,0.353,0.487,0.665,0.649,0.002
45726,0.8220000000000001,0.009,0.0069999999999999,0.347,0.492,0.657,0.6629999999999999,0.002
45727,0.835,0.008,0.006,0.345,0.513,0.675,0.662,0.003
45728,0.8290000000000001,0.0069999999999999,0.006,0.341,0.506,0.691,0.66,0.002
45729,0.8370000000000001,0.008,0.0069999999999999,0.335,0.497,0.701,0.657,0.002
45730,0.853,0.008,0.0069999999999999,0.35,0.487,0.698,0.654,0.002
45731,0.853,0.009,0.008,0.336,0.486,0.685,0.65,0.002
45732,0.867,0.009,0.0069999999999999,0.345,0.489,0.67,0.654,0.002
45733,0.856,0.01,0.0069999999999999,0.352,0.5,0.638,0.662,0.002
45734,0.843,0.01,0.006,0.356,0.499,0.644,0.6579999999999999,0.003
45735,0.828,0.01,0.0069999999999999,0.351,0.506,0.655,0.657,0.002
45736,0.8290000000000001,0.01,0.008,0.341,0.493,0.6609999999999999,0.6629999999999999,0.002
45737,0.8270000000000001,0.011,0.008,0.35,0.492,0.664,0.657,0.002
45738,0.8220000000000001,0.011,0.008,0.35,0.494,0.6579999999999999,0.652,0.002
45739,0.821,0.011,0.008,0.362,0.502,0.657,0.657,0.002
45740,0.828,0.011,0.0069999999999999,0.359,0.497,0.657,0.654,0.002
45741,0.831,0.012,0.008,0.353,0.49,0.64,0.66,0.002
45742,0.848,0.012,0.008,0.3389999999999999,0.479,0.635,0.6459999999999999,0.002
45743,0.85,0.012,0.008,0.3429999999999999,0.487,0.649,0.645,0.002
45744,0.84,0.011,0.008,0.344,0.497,0.649,0.6509999999999999,0.002
45745,0.8320000000000001,0.01,0.008,0.344,0.49,0.662,0.6559999999999999,0.002
45746,0.8220000000000001,0.01,0.0069999999999999,0.341,0.498,0.6609999999999999,0.654,0.002
45747,0.8270000000000001,0.009,0.0069999999999999,0.349,0.487,0.6629999999999999,0.6509999999999999,0.002
45748,0.8320000000000001,0.01,0.0069999999999999,0.346,0.483,0.662,0.6459999999999999,0.002
45749,0.843,0.01,0.0069999999999999,0.355,0.48,0.659,0.6459999999999999,0.003
45750,0.8370000000000001,0.01,0.0069999999999999,0.36,0.476,0.6579999999999999,0.675,0.003
45751,0.83,0.011,0.0069999999999999,0.354,0.491,0.6709999999999999,0.66,0.003
45752,0.8340000000000001,0.01,0.0069999999999999,0.37,0.481,0.6679999999999999,0.654,0.003
45753,0.821,0.01,0.0069999999999999,0.372,0.489,0.6609999999999999,0.6559999999999999,0.003
45754,0.8140000000000001,0.01,0.006,0.374,0.495,0.675,0.639,0.003
45755,0.8440000000000001,0.01,0.006,0.381,0.479,0.674,0.647,0.003
45756,0.8420000000000001,0.011,0.006,0.374,0.494,0.662,0.672,0.002
45757,0.826,0.012,0.006,0.364,0.493,0.65,0.6759999999999999,0.002
45758,0.82,0.012,0.006,0.345,0.481,0.642,0.6779999999999999,0.002
45759,0.835,0.012,0.006,0.3429999999999999,0.474,0.645,0.677,0.002
45760,0.838,0.011,0.0069999999999999,0.335,0.479,0.647,0.6609999999999999,0.002
45761,0.8320000000000001,0.011,0.0069999999999999,0.3389999999999999,0.497,0.649,0.6629999999999999,0.002
45762,0.828,0.01,0.0069999999999999,0.345,0.501,0.65,0.679,0.002
45763,0.83,0.01,0.008,0.3339999999999999,0.504,0.642,0.687,0.002
45764,0.8340000000000001,0.01,0.008,0.33,0.511,0.6459999999999999,0.6920000000000001,0.002
45765,0.8140000000000001,0.011,0.008,0.3429999999999999,0.516,0.657,0.687,0.002
45766,0.816,0.01,0.008,0.352,0.486,0.655,0.716,0.002
45767,0.816,0.01,0.008,0.349,0.49,0.6759999999999999,0.705,0.002
45768,0.818,0.01,0.008,0.346,0.495,0.652,0.69,0.002
45769,0.809,0.01,0.008,0.342,0.496,0.653,0.6609999999999999,0.002
45770,0.812,0.011,0.008,0.346,0.489,0.655,0.665,0.002
45771,0.802,0.011,0.0069999999999999,0.354,0.488,0.659,0.653,0.002
45772,0.8140000000000001,0.011,0.0069999999999999,0.342,0.488,0.6579999999999999,0.665,0.002
45773,0.8170000000000001,0.011,0.0069999999999999,0.352,0.487,0.68,0.675,0.002
45774,0.823,0.01,0.0069999999999999,0.351,0.49,0.6709999999999999,0.6659999999999999,0.002
45775,0.8270000000000001,0.01,0.0069999999999999,0.358,0.491,0.648,0.6679999999999999,0.002
45776,0.83,0.01,0.0069999999999999,0.356,0.48,0.649,0.6579999999999999,0.002
45777,0.8240000000000001,0.01,0.0069999999999999,0.353,0.484,0.644,0.664,0.002
45778,0.807,0.01,0.0069999999999999,0.353,0.48,0.638,0.645,0.002
45779,0.816,0.009,0.006,0.345,0.476,0.644,0.642,0.002
45780,0.838,0.008,0.0069999999999999,0.351,0.481,0.639,0.642,0.002
45781,0.833,0.009,0.0069999999999999,0.365,0.492,0.629,0.6509999999999999,0.002
45782,0.838,0.01,0.0069999999999999,0.359,0.455,0.639,0.645,0.002
45783,0.833,0.01,0.0069999999999999,0.3389999999999999,0.461,0.636,0.639,0.002
45784,0.857,0.008,0.008,0.335,0.466,0.65,0.63,0.002
45785,0.8440000000000001,0.009,0.008,0.351,0.462,0.6409999999999999,0.637,0.002
45786,0.825,0.009,0.0069999999999999,0.34,0.4589999999999999,0.6459999999999999,0.628,0.002
45787,0.828,0.01,0.0069999999999999,0.327,0.481,0.6409999999999999,0.633,0.002
45788,0.8340000000000001,0.011,0.0069999999999999,0.3379999999999999,0.469,0.633,0.6459999999999999,0.002
45789,0.833,0.011,0.0069999999999999,0.335,0.484,0.6459999999999999,0.6509999999999999,0.002
45790,0.833,0.012,0.008,0.3429999999999999,0.471,0.657,0.667,0.002
45791,0.8390000000000001,0.011,0.008,0.345,0.478,0.654,0.672,0.002
45792,0.826,0.01,0.008,0.3379999999999999,0.457,0.6459999999999999,0.669,0.002
45793,0.8270000000000001,0.01,0.008,0.348,0.456,0.6409999999999999,0.679,0.002
45794,0.825,0.01,0.008,0.347,0.4589999999999999,0.649,0.6709999999999999,0.002
45795,0.831,0.009,0.0069999999999999,0.355,0.447,0.6409999999999999,0.67,0.002
45796,0.836,0.009,0.0069999999999999,0.356,0.4629999999999999,0.629,0.669,0.002
45797,0.847,0.009,0.0069999999999999,0.353,0.467,0.634,0.662,0.002
45798,0.815,0.008,0.0069999999999999,0.34,0.471,0.619,0.637,0.002
45799,0.8059999999999999,0.008,0.008,0.3429999999999999,0.473,0.606,0.643,0.002
45800,0.802,0.009,0.008,0.349,0.48,0.601,0.633,0.002
45801,0.8109999999999999,0.009,0.008,0.349,0.465,0.617,0.626,0.002
45802,0.8109999999999999,0.008,0.0069999999999999,0.348,0.46,0.64,0.616,0.002
45803,0.8029999999999999,0.009,0.008,0.3339999999999999,0.4639999999999999,0.626,0.607,0.002
45804,0.807,0.009,0.0069999999999999,0.336,0.481,0.622,0.616,0.002
45805,0.792,0.008,0.0069999999999999,0.341,0.484,0.622,0.613,0.002
45806,0.8009999999999999,0.008,0.0069999999999999,0.3389999999999999,0.4629999999999999,0.62,0.639,0.002
45807,0.804,0.008,0.0069999999999999,0.347,0.46,0.618,0.628,0.002
45808,0.7909999999999999,0.008,0.0069999999999999,0.34,0.462,0.613,0.625,0.002
45809,0.787,0.009,0.0069999999999999,0.33,0.469,0.619,0.619,0.003
45810,0.792,0.009,0.0069999999999999,0.321,0.461,0.618,0.613,0.003
45811,0.782,0.01,0.0069999999999999,0.321,0.4479999999999999,0.618,0.612,0.003
45812,0.789,0.009,0.0069999999999999,0.33,0.446,0.616,0.616,0.003
45813,0.8109999999999999,0.008,0.0069999999999999,0.345,0.4539999999999999,0.623,0.626,0.003
45814,0.8240000000000001,0.008,0.0069999999999999,0.348,0.4589999999999999,0.621,0.628,0.003
45815,0.8,0.008,0.0069999999999999,0.347,0.456,0.616,0.611,0.003
45816,0.8029999999999999,0.009,0.0069999999999999,0.341,0.4539999999999999,0.605,0.62,0.003
45817,0.7959999999999999,0.009,0.0069999999999999,0.335,0.4629999999999999,0.61,0.606,0.003
45818,0.797,0.008,0.0069999999999999,0.34,0.449,0.607,0.619,0.003
45819,0.8009999999999999,0.009,0.0069999999999999,0.351,0.4589999999999999,0.605,0.607,0.002
45820,0.7829999999999999,0.01,0.008,0.37,0.473,0.62,0.621,0.002
45821,0.7809999999999999,0.009,0.008,0.371,0.471,0.62,0.631,0.002
45822,0.7859999999999999,0.009,0.008,0.372,0.474,0.602,0.63,0.002
45823,0.8029999999999999,0.009,0.009,0.358,0.472,0.604,0.609,0.002
45824,0.789,0.01,0.009,0.359,0.471,0.615,0.613,0.002
45825,0.7979999999999999,0.01,0.009,0.349,0.488,0.62,0.614,0.002
45826,0.8140000000000001,0.01,0.009,0.34,0.486,0.624,0.623,0.002
45827,0.7979999999999999,0.01,0.008,0.335,0.477,0.639,0.645,0.002
45828,0.7979999999999999,0.01,0.008,0.336,0.479,0.633,0.62,0.002
45829,0.7929999999999999,0.008,0.008,0.347,0.462,0.631,0.619,0.002
45830,0.8009999999999999,0.008,0.0069999999999999,0.3429999999999999,0.4579999999999999,0.639,0.627,0.002
45831,0.8109999999999999,0.008,0.0069999999999999,0.335,0.456,0.634,0.624,0.002
45832,0.8009999999999999,0.009,0.008,0.347,0.457,0.631,0.629,0.002
45833,0.8059999999999999,0.009,0.0069999999999999,0.3389999999999999,0.452,0.622,0.633,0.002
45834,0.813,0.009,0.0069999999999999,0.3389999999999999,0.4479999999999999,0.621,0.617,0.002
45835,0.804,0.009,0.0069999999999999,0.327,0.44,0.612,0.631,0.002
45836,0.81,0.008,0.0069999999999999,0.335,0.447,0.618,0.626,0.002
45837,0.799,0.008,0.0069999999999999,0.3389999999999999,0.465,0.631,0.634,0.002
45838,0.7929999999999999,0.0069999999999999,0.0069999999999999,0.332,0.467,0.643,0.634,0.002
45839,0.81,0.008,0.008,0.321,0.461,0.6559999999999999,0.632,0.002
45840,0.81,0.008,0.008,0.326,0.4629999999999999,0.653,0.644,0.002
45841,0.7959999999999999,0.009,0.0069999999999999,0.317,0.465,0.635,0.657,0.002
45842,0.795,0.009,0.006,0.313,0.469,0.636,0.627,0.002
45843,0.789,0.009,0.006,0.325,0.472,0.63,0.634,0.002
45844,0.795,0.01,0.006,0.316,0.4529999999999999,0.614,0.621,0.002
45845,0.7759999999999999,0.011,0.006,0.327,0.462,0.605,0.631,0.002
45846,0.768,0.012,0.006,0.326,0.449,0.615,0.616,0.002
45847,0.757,0.012,0.0069999999999999,0.326,0.4429999999999999,0.61,0.613,0.002
45848,0.7859999999999999,0.013,0.0069999999999999,0.318,0.4539999999999999,0.607,0.613,0.002
45849,0.779,0.012,0.006,0.319,0.4539999999999999,0.608,0.607,0.002
45850,0.773,0.013,0.0069999999999999,0.317,0.4579999999999999,0.613,0.6409999999999999,0.002
45851,0.764,0.025,0.0069999999999999,0.326,0.461,0.607,0.626,0.002
45852,0.753,0.027,0.0069999999999999,0.327,0.4589999999999999,0.601,0.616,0.002
45853,0.7709999999999999,0.026,0.0069999999999999,0.349,0.4579999999999999,0.621,0.62,0.002
45854,0.772,0.024,0.0069999999999999,0.3329999999999999,0.4639999999999999,0.637,0.614,0.002
45855,0.782,0.023,0.0069999999999999,0.3289999999999999,0.449,0.624,0.611,0.002
45856,0.7829999999999999,0.026,0.0069999999999999,0.319,0.4579999999999999,0.626,0.608,0.002
45857,0.785,0.024,0.0069999999999999,0.341,0.465,0.645,0.594,0.002
45858,0.784,0.024,0.0069999999999999,0.3429999999999999,0.473,0.645,0.594,0.002
45859,0.775,0.023,0.0069999999999999,0.342,0.475,0.649,0.59,0.002
45860,0.76,0.023,0.0069999999999999,0.335,0.475,0.655,0.585,0.002
45861,0.7829999999999999,0.023,0.0069999999999999,0.3329999999999999,0.4639999999999999,0.647,0.5820000000000001,0.002
45862,0.764,0.009,0.0069999999999999,0.318,0.462,0.633,0.593,0.002
45863,0.77,0.009,0.0069999999999999,0.313,0.462,0.631,0.5920000000000001,0.002
45864,0.78,0.009,0.0069999999999999,0.325,0.4639999999999999,0.623,0.588,0.002
45865,0.792,0.009,0.0069999999999999,0.321,0.471,0.625,0.596,0.002
45866,0.779,0.01,0.0069999999999999,0.325,0.477,0.613,0.604,0.002
45867,0.7709999999999999,0.01,0.0069999999999999,0.316,0.477,0.618,0.596,0.003
45868,0.7829999999999999,0.011,0.0069999999999999,0.312,0.476,0.61,0.614,0.003
45869,0.762,0.011,0.0069999999999999,0.314,0.465,0.601,0.624,0.003
45870,0.7390000000000001,0.01,0.0069999999999999,0.31,0.457,0.621,0.626,0.003
45871,0.741,0.01,0.0069999999999999,0.313,0.442,0.605,0.616,0.003
45872,0.745,0.011,0.0069999999999999,0.315,0.427,0.579,0.603,0.003
45873,0.7559999999999999,0.009,0.0069999999999999,0.317,0.43,0.574,0.611,0.003
45874,0.74,0.008,0.006,0.301,0.437,0.574,0.615,0.003
45875,0.731,0.008,0.006,0.317,0.447,0.563,0.607,0.003
45876,0.737,0.01,0.006,0.315,0.444,0.56,0.598,0.003
45877,0.728,0.01,0.006,0.337,0.434,0.555,0.601,0.003
45878,0.726,0.009,0.006,0.322,0.432,0.568,0.604,0.003
45879,0.713,0.009,0.0069999999999999,0.327,0.435,0.561,0.598,0.002
45880,0.7190000000000001,0.009,0.0069999999999999,0.331,0.431,0.564,0.557,0.002
45881,0.706,0.009,0.0069999999999999,0.3229999999999999,0.441,0.5670000000000001,0.552,0.002
45882,0.708,0.008,0.0069999999999999,0.317,0.43,0.588,0.56,0.002
45883,0.693,0.008,0.0069999999999999,0.315,0.417,0.573,0.537,0.002
45884,0.644,0.008,0.0069999999999999,0.304,0.381,0.5539999999999999,0.506,0.002
45885,0.628,0.008,0.0069999999999999,0.2769999999999999,0.371,0.541,0.497,0.002
45886,0.586,0.008,0.0069999999999999,0.253,0.355,0.525,0.47,0.002
45887,0.5589999999999999,0.008,0.0069999999999999,0.237,0.335,0.496,0.45,0.002
45888,0.536,0.01,0.0069999999999999,0.236,0.3379999999999999,0.484,0.442,0.002
45889,0.509,0.01,0.0069999999999999,0.2269999999999999,0.326,0.465,0.413,0.002
45890,0.494,0.01,0.006,0.225,0.314,0.461,0.422,0.002
45891,0.452,0.009,0.006,0.226,0.306,0.446,0.382,0.002
45892,0.435,0.01,0.0069999999999999,0.23,0.3339999999999999,0.462,0.386,0.002
45893,0.413,0.011,0.006,0.2289999999999999,0.3229999999999999,0.466,0.366,0.002
45894,0.436,0.011,0.0069999999999999,0.256,0.357,0.523,0.376,0.002
45895,0.447,0.01,0.0069999999999999,0.251,0.349,0.511,0.368,0.002
45896,0.473,0.008,0.0069999999999999,0.266,0.37,0.536,0.373,0.002
45897,0.447,0.008,0.0069999999999999,0.259,0.36,0.511,0.35,0.002
45898,0.481,0.009,0.008,0.267,0.372,0.5489999999999999,0.373,0.002
45899,0.456,0.0069999999999999,0.008,0.253,0.3429999999999999,0.494,0.3339999999999999,0.002
45900,0.476,0.0069999999999999,0.008,0.2769999999999999,0.35,0.521,0.363,0.002
45901,0.445,0.006,0.008,0.2689999999999999,0.345,0.526,0.347,0.002
45902,0.447,0.0069999999999999,0.008,0.276,0.358,0.521,0.364,0.002
45903,0.4479999999999999,0.0069999999999999,0.008,0.262,0.345,0.5,0.352,0.002
45904,0.4270000000000001,0.008,0.006,0.267,0.337,0.489,0.3379999999999999,0.002
45905,0.409,0.008,0.0069999999999999,0.293,0.3339999999999999,0.504,0.3379999999999999,0.002
45906,0.402,0.008,0.0069999999999999,0.282,0.326,0.483,0.321,0.002
45907,0.428,0.008,0.027,0.2789999999999999,0.336,0.501,0.33,0.002
45908,0.411,0.009,0.025,0.286,0.34,0.503,0.345,0.002
45909,0.395,0.008,0.026,0.285,0.344,0.509,0.336,0.002
45910,0.395,0.0069999999999999,0.024,0.28,0.3379999999999999,0.478,0.337,0.002
45911,0.364,0.0069999999999999,0.026,0.247,0.319,0.4379999999999999,0.325,0.002
45912,0.361,0.0069999999999999,0.022,0.256,0.311,0.449,0.317,0.002
45913,0.364,0.006,0.025,0.255,0.322,0.4579999999999999,0.314,0.002
45914,0.369,0.006,0.025,0.265,0.336,0.4589999999999999,0.313,0.001
45915,0.331,0.005,0.025,0.235,0.301,0.439,0.292,0.002
45916,0.357,0.006,0.024,0.255,0.3229999999999999,0.476,0.309,0.002
45917,0.3279999999999999,0.006,0.023,0.245,0.307,0.447,0.283,0.002
45918,0.327,0.0069999999999999,0.006,0.237,0.301,0.45,0.2689999999999999,0.002
45919,0.3389999999999999,0.006,0.006,0.251,0.311,0.488,0.278,0.002
45920,0.324,0.006,0.006,0.251,0.32,0.472,0.275,0.002
45921,0.335,0.0069999999999999,0.006,0.273,0.3329999999999999,0.498,0.283,0.002
45922,0.317,0.006,0.0069999999999999,0.266,0.319,0.493,0.271,0.002
45923,0.352,0.0069999999999999,0.0069999999999999,0.2769999999999999,0.352,0.512,0.286,0.002
45924,0.3229999999999999,0.0069999999999999,0.0069999999999999,0.251,0.319,0.479,0.275,0.002
45925,0.355,0.0069999999999999,0.0069999999999999,0.273,0.344,0.51,0.29,0.002
45926,0.34,0.0069999999999999,0.0069999999999999,0.261,0.3389999999999999,0.518,0.266,0.002
45927,0.351,0.009,0.0069999999999999,0.2739999999999999,0.342,0.511,0.266,0.002
45928,0.357,0.005,0.008,0.29,0.3829999999999999,0.547,0.284,0.002
45929,0.361,0.006,0.008,0.295,0.386,0.5529999999999999,0.283,0.002
45930,0.357,0.01,0.008,0.286,0.422,0.535,0.29,0.002
45931,0.377,0.011,0.008,0.292,0.419,0.5529999999999999,0.302,0.002
45932,0.36,0.011,0.0069999999999999,0.276,0.4,0.536,0.286,0.002
45933,0.36,0.011,0.025,0.285,0.397,0.532,0.294,0.002
45934,0.362,0.008,0.024,0.2769999999999999,0.391,0.525,0.291,0.002
45935,0.351,0.008,0.025,0.273,0.37,0.483,0.278,0.002
45936,0.369,0.008,0.023,0.268,0.357,0.485,0.293,0.002
45937,0.371,0.008,0.024,0.262,0.359,0.466,0.291,0.002
45938,0.353,0.0069999999999999,0.024,0.242,0.327,0.451,0.289,0.002
45939,0.356,0.0069999999999999,0.023,0.2269999999999999,0.303,0.423,0.287,0.002
45940,0.344,0.006,0.023,0.235,0.282,0.423,0.304,0.002
45941,0.324,0.006,0.023,0.233,0.272,0.42,0.283,0.002
45942,0.34,0.006,0.022,0.255,0.303,0.457,0.308,0.002
45943,0.314,0.006,0.006,0.225,0.298,0.433,0.276,0.002
45944,0.3379999999999999,0.006,0.0069999999999999,0.242,0.308,0.451,0.286,0.002
45945,0.3429999999999999,0.006,0.0069999999999999,0.255,0.319,0.467,0.283,0.002
45946,0.3289999999999999,0.003,0.0069999999999999,0.242,0.321,0.477,0.258,0.002
45947,0.37,0.004,0.008,0.258,0.357,0.519,0.288,0.002
45948,0.3389999999999999,0.004,0.0069999999999999,0.253,0.346,0.504,0.2739999999999999,0.002
45949,0.4039999999999999,0.004,0.008,0.2769999999999999,0.3979999999999999,0.561,0.325,0.002
45950,0.391,0.004,0.008,0.273,0.39,0.534,0.312,0.002
45951,0.4270000000000001,0.004,0.008,0.287,0.4,0.5770000000000001,0.3339999999999999,0.002
45952,0.396,0.004,0.008,0.282,0.3929999999999999,0.5579999999999999,0.319,0.002
45953,0.418,0.005,0.008,0.305,0.414,0.598,0.357,0.002
45954,0.419,0.005,0.0069999999999999,0.321,0.43,0.603,0.3389999999999999,0.002
45955,0.415,0.005,0.008,0.3389999999999999,0.431,0.594,0.352,0.002
45956,0.423,0.005,0.008,0.342,0.424,0.597,0.364,0.002
45957,0.409,0.004,0.008,0.346,0.426,0.601,0.349,0.002
45958,0.391,0.004,0.008,0.322,0.405,0.568,0.316,0.002
45959,0.371,0.004,0.008,0.298,0.4529999999999999,0.595,0.301,0.002
45960,0.385,0.005,0.008,0.304,0.457,0.583,0.315,0.002
45961,0.369,0.005,0.008,0.288,0.4479999999999999,0.583,0.304,0.002
45962,0.391,0.005,0.008,0.314,0.478,0.609,0.3339999999999999,0.002
45963,0.375,0.004,0.0069999999999999,0.288,0.428,0.562,0.3,0.002
45964,0.3979999999999999,0.004,0.008,0.303,0.4589999999999999,0.565,0.307,0.002
45965,0.3670000000000001,0.003,0.0069999999999999,0.289,0.433,0.5329999999999999,0.285,0.002
45966,0.3929999999999999,0.003,0.0069999999999999,0.304,0.446,0.563,0.337,0.002
45967,0.373,0.003,0.008,0.298,0.435,0.556,0.308,0.002
45968,0.407,0.002,0.0069999999999999,0.31,0.45,0.583,0.332,0.002
45969,0.3670000000000001,0.003,0.0069999999999999,0.2789999999999999,0.406,0.5539999999999999,0.3,0.002
45970,0.3929999999999999,0.003,0.0069999999999999,0.28,0.415,0.55,0.321,0.002
45971,0.387,0.004,0.008,0.3,0.413,0.539,0.303,0.002
45972,0.395,0.005,0.0069999999999999,0.318,0.401,0.569,0.314,0.003
45973,0.39,0.005,0.008,0.32,0.4029999999999999,0.574,0.314,0.003
45974,0.386,0.005,0.008,0.322,0.408,0.596,0.296,0.003
45975,0.426,0.004,0.008,0.3429999999999999,0.423,0.626,0.3329999999999999,0.003
45976,0.392,0.005,0.008,0.322,0.392,0.5870000000000001,0.295,0.002
45977,0.387,0.005,0.009,0.3329999999999999,0.397,0.599,0.3279999999999999,0.002
45978,0.3929999999999999,0.0069999999999999,0.008,0.3329999999999999,0.39,0.586,0.3289999999999999,0.002
45979,0.379,0.006,0.009,0.335,0.386,0.586,0.301,0.002
45980,0.401,0.006,0.008,0.355,0.4,0.61,0.32,0.002
45981,0.379,0.006,0.008,0.33,0.3829999999999999,0.585,0.308,0.002
45982,0.358,0.0069999999999999,0.008,0.3339999999999999,0.414,0.599,0.287,0.003
45983,0.366,0.006,0.009,0.322,0.426,0.607,0.293,0.003
45984,0.355,0.006,0.008,0.308,0.401,0.5720000000000001,0.2689999999999999,0.003
45985,0.342,0.006,0.008,0.303,0.3989999999999999,0.562,0.282,0.003
45986,0.34,0.006,0.009,0.312,0.414,0.596,0.288,0.003
45987,0.337,0.006,0.009,0.307,0.408,0.583,0.265,0.003
45988,0.353,0.006,0.009,0.304,0.415,0.603,0.285,0.003
45989,0.369,0.005,0.009,0.309,0.416,0.61,0.27,0.003
45990,0.349,0.005,0.009,0.301,0.396,0.583,0.271,0.002
45991,0.377,0.005,0.01,0.324,0.433,0.63,0.2769999999999999,0.003
45992,0.34,0.005,0.009,0.312,0.406,0.608,0.267,0.003
45993,0.341,0.005,0.01,0.314,0.417,0.617,0.272,0.002
45994,0.365,0.006,0.01,0.347,0.465,0.6609999999999999,0.29,0.002
45995,0.345,0.005,0.01,0.342,0.445,0.653,0.278,0.002
45996,0.368,0.006,0.01,0.36,0.467,0.685,0.283,0.002
45997,0.397,0.006,0.008,0.377,0.494,0.6809999999999999,0.306,0.003
45998,0.401,0.006,0.008,0.37,0.486,0.6609999999999999,0.318,0.003
45999,0.374,0.005,0.008,0.372,0.467,0.649,0.307,0.003
46000,0.354,0.005,0.0069999999999999,0.346,0.442,0.619,0.2789999999999999,0.003
46001,0.357,0.006,0.008,0.347,0.449,0.622,0.293,0.003
46002,0.366,0.006,0.008,0.361,0.473,0.645,0.324,0.003
46003,0.4,0.006,0.008,0.36,0.473,0.642,0.3389999999999999,0.003
46004,0.371,0.006,0.008,0.353,0.4639999999999999,0.632,0.308,0.003
46005,0.405,0.0069999999999999,0.008,0.367,0.484,0.6509999999999999,0.3389999999999999,0.003
46006,0.377,0.0069999999999999,0.008,0.347,0.4529999999999999,0.607,0.303,0.003
46007,0.384,0.0069999999999999,0.008,0.347,0.456,0.642,0.324,0.003
46008,0.36,0.0069999999999999,0.0069999999999999,0.335,0.434,0.5820000000000001,0.29,0.003
46009,0.413,0.0069999999999999,0.008,0.3379999999999999,0.456,0.634,0.316,0.003
46010,0.409,0.0069999999999999,0.008,0.3289999999999999,0.4379999999999999,0.62,0.313,0.003
46011,0.425,0.008,0.008,0.341,0.46,0.63,0.337,0.003
46012,0.382,0.0069999999999999,0.008,0.337,0.451,0.626,0.3,0.003
46013,0.39,0.005,0.008,0.351,0.467,0.659,0.314,0.003
46014,0.4029999999999999,0.005,0.008,0.359,0.4479999999999999,0.6459999999999999,0.313,0.003
46015,0.3939999999999999,0.004,0.009,0.355,0.4579999999999999,0.625,0.324,0.003
46016,0.405,0.004,0.009,0.367,0.476,0.657,0.332,0.003
46017,0.371,0.003,0.008,0.348,0.46,0.645,0.28,0.002
46018,0.431,0.004,0.009,0.406,0.519,0.716,0.326,0.002
46019,0.38,0.003,0.008,0.36,0.466,0.638,0.285,0.002
46020,0.42,0.006,0.01,0.3979999999999999,0.502,0.7070000000000001,0.322,0.003
46021,0.37,0.0069999999999999,0.009,0.3929999999999999,0.509,0.69,0.291,0.002
46022,0.428,0.008,0.01,0.392,0.518,0.6940000000000001,0.34,0.002
46023,0.4,0.0069999999999999,0.009,0.3879999999999999,0.526,0.675,0.305,0.002
46024,0.444,0.006,0.009,0.392,0.529,0.7040000000000001,0.335,0.002
46025,0.374,0.006,0.009,0.382,0.511,0.696,0.294,0.002
46026,0.391,0.006,0.01,0.368,0.504,0.701,0.31,0.002
46027,0.3979999999999999,0.0069999999999999,0.01,0.375,0.526,0.732,0.331,0.003
46028,0.3779999999999999,0.0069999999999999,0.009,0.372,0.531,0.73,0.321,0.003
46029,0.431,0.0069999999999999,0.01,0.4029999999999999,0.562,0.758,0.327,0.003
46030,0.416,0.0069999999999999,0.01,0.4,0.551,0.7490000000000001,0.298,0.003
46031,0.436,0.0069999999999999,0.01,0.396,0.552,0.733,0.309,0.003
46032,0.4029999999999999,0.0069999999999999,0.01,0.3829999999999999,0.525,0.71,0.272,0.003
46033,0.39,0.006,0.01,0.363,0.523,0.6890000000000001,0.282,0.003
46034,0.362,0.006,0.01,0.364,0.516,0.6970000000000001,0.2739999999999999,0.003
46035,0.397,0.006,0.01,0.361,0.528,0.7040000000000001,0.311,0.004
46036,0.3720000000000001,0.005,0.009,0.347,0.524,0.6970000000000001,0.291,0.004
46037,0.3989999999999999,0.005,0.008,0.352,0.521,0.7,0.312,0.003
46038,0.341,0.004,0.008,0.33,0.472,0.6459999999999999,0.2789999999999999,0.003
46039,0.374,0.005,0.009,0.347,0.482,0.6679999999999999,0.322,0.003
46040,0.357,0.005,0.008,0.342,0.472,0.665,0.302,0.004
46041,0.397,0.0069999999999999,0.008,0.351,0.501,0.696,0.331,0.003
46042,0.413,0.0069999999999999,0.009,0.35,0.508,0.7070000000000001,0.326,0.003
46043,0.407,0.0069999999999999,0.009,0.358,0.515,0.722,0.327,0.003
46044,0.406,0.0069999999999999,0.009,0.377,0.525,0.726,0.315,0.003
46045,0.417,0.0069999999999999,0.009,0.353,0.505,0.7020000000000001,0.312,0.003
46046,0.417,0.0069999999999999,0.009,0.35,0.484,0.6659999999999999,0.332,0.003
46047,0.419,0.006,0.009,0.349,0.484,0.67,0.302,0.002
46048,0.43,0.006,0.009,0.346,0.484,0.68,0.316,0.002
46049,0.419,0.0069999999999999,0.009,0.353,0.487,0.7,0.305,0.002
46050,0.407,0.0069999999999999,0.009,0.346,0.489,0.655,0.311,0.003
46051,0.441,0.006,0.011,0.364,0.495,0.657,0.311,0.003
46052,0.416,0.005,0.011,0.342,0.473,0.652,0.301,0.004
46053,0.428,0.005,0.011,0.357,0.492,0.69,0.325,0.004
46054,0.416,0.005,0.011,0.337,0.477,0.6559999999999999,0.321,0.004
46055,0.4,0.005,0.01,0.362,0.503,0.674,0.324,0.004
46056,0.411,0.005,0.01,0.402,0.524,0.705,0.327,0.004
46057,0.382,0.005,0.01,0.397,0.52,0.665,0.299,0.004
46058,0.408,0.004,0.01,0.414,0.584,0.7020000000000001,0.3229999999999999,0.004
46059,0.362,0.005,0.009,0.4039999999999999,0.5429999999999999,0.6609999999999999,0.288,0.004
46060,0.3989999999999999,0.005,0.01,0.424,0.5770000000000001,0.718,0.321,0.004
46061,0.366,0.005,0.009,0.416,0.56,0.695,0.296,0.003
46062,0.405,0.005,0.009,0.4479999999999999,0.58,0.73,0.3279999999999999,0.002
46063,0.371,0.004,0.009,0.426,0.557,0.693,0.305,0.002
46064,0.413,0.004,0.009,0.447,0.581,0.742,0.3279999999999999,0.003
46065,0.4,0.005,0.009,0.41,0.545,0.69,0.312,0.003
46066,0.409,0.005,0.008,0.3989999999999999,0.52,0.6859999999999999,0.32,0.002
46067,0.447,0.005,0.008,0.373,0.526,0.685,0.35,0.003
46068,0.389,0.004,0.009,0.365,0.514,0.6659999999999999,0.297,0.003
46069,0.444,0.006,0.009,0.38,0.528,0.711,0.335,0.003
46070,0.387,0.003,0.008,0.348,0.483,0.6459999999999999,0.293,0.002
46071,0.435,0.004,0.008,0.358,0.496,0.6679999999999999,0.326,0.002
46072,0.39,0.004,0.008,0.335,0.472,0.624,0.3,0.002
46073,0.412,0.006,0.008,0.33,0.465,0.63,0.307,0.002
46074,0.387,0.008,0.008,0.325,0.471,0.619,0.28,0.002
46075,0.414,0.008,0.008,0.3329999999999999,0.48,0.632,0.297,0.002
46076,0.3720000000000001,0.0069999999999999,0.009,0.352,0.49,0.6679999999999999,0.296,0.002
46077,0.354,0.0069999999999999,0.009,0.349,0.481,0.634,0.283,0.002
46078,0.373,0.0069999999999999,0.009,0.358,0.492,0.6559999999999999,0.301,0.002
46079,0.36,0.006,0.009,0.363,0.494,0.6559999999999999,0.306,0.002
46080,0.374,0.006,0.009,0.376,0.519,0.698,0.306,0.003
46081,0.3939999999999999,0.0069999999999999,0.009,0.3829999999999999,0.5329999999999999,0.711,0.314,0.003
46082,0.376,0.0069999999999999,0.008,0.358,0.493,0.6609999999999999,0.29,0.002
46083,0.411,0.0069999999999999,0.008,0.371,0.489,0.669,0.313,0.003
46084,0.392,0.0069999999999999,0.008,0.34,0.4379999999999999,0.599,0.284,0.002
46085,0.416,0.0069999999999999,0.008,0.349,0.451,0.634,0.3,0.002
46086,0.407,0.006,0.0069999999999999,0.347,0.437,0.612,0.289,0.002
46087,0.4270000000000001,0.0069999999999999,0.0069999999999999,0.361,0.469,0.628,0.286,0.002
46088,0.422,0.009,0.0069999999999999,0.377,0.481,0.644,0.309,0.002
46089,0.396,0.009,0.0069999999999999,0.377,0.477,0.6509999999999999,0.292,0.002
46090,0.384,0.008,0.0069999999999999,0.358,0.4429999999999999,0.612,0.286,0.002
46091,0.359,0.0069999999999999,0.0069999999999999,0.327,0.418,0.5870000000000001,0.267,0.002
46092,0.3979999999999999,0.006,0.0069999999999999,0.35,0.429,0.632,0.291,0.002
46093,0.376,0.006,0.0069999999999999,0.331,0.42,0.595,0.283,0.002
46094,0.3670000000000001,0.006,0.008,0.342,0.427,0.615,0.289,0.002
46095,0.368,0.009,0.008,0.3339999999999999,0.444,0.606,0.291,0.002
46096,0.34,0.009,0.008,0.3329999999999999,0.43,0.62,0.271,0.002
46097,0.351,0.009,0.008,0.346,0.437,0.625,0.275,0.002
46098,0.33,0.0069999999999999,0.008,0.324,0.417,0.614,0.267,0.002
46099,0.346,0.0069999999999999,0.008,0.315,0.41,0.602,0.27,0.002
46100,0.32,0.0069999999999999,0.008,0.317,0.4039999999999999,0.591,0.271,0.002
46101,0.3279999999999999,0.0069999999999999,0.008,0.315,0.384,0.5870000000000001,0.278,0.002
46102,0.331,0.004,0.009,0.317,0.3989999999999999,0.58,0.28,0.002
46103,0.319,0.004,0.009,0.32,0.42,0.61,0.263,0.002
46104,0.3329999999999999,0.004,0.009,0.324,0.436,0.604,0.284,0.002
46105,0.32,0.004,0.009,0.332,0.44,0.603,0.257,0.002
46106,0.341,0.004,0.009,0.368,0.4529999999999999,0.633,0.284,0.002
46107,0.311,0.004,0.008,0.34,0.43,0.58,0.246,0.002
46108,0.352,0.004,0.008,0.358,0.429,0.61,0.281,0.002
46109,0.3289999999999999,0.005,0.008,0.341,0.43,0.593,0.259,0.002
46110,0.397,0.004,0.008,0.379,0.4639999999999999,0.6809999999999999,0.304,0.003
46111,0.36,0.004,0.008,0.358,0.466,0.6509999999999999,0.292,0.002
46112,0.373,0.004,0.008,0.384,0.485,0.6890000000000001,0.29,0.003
46113,0.364,0.004,0.0069999999999999,0.362,0.457,0.624,0.296,0.003
46114,0.382,0.005,0.0069999999999999,0.365,0.457,0.652,0.315,0.003
46115,0.363,0.004,0.008,0.348,0.457,0.63,0.294,0.003
46116,0.402,0.004,0.008,0.349,0.44,0.6659999999999999,0.319,0.002
46117,0.411,0.005,0.008,0.349,0.44,0.6559999999999999,0.32,0.002
46118,0.3979999999999999,0.004,0.008,0.345,0.449,0.634,0.312,0.002
46119,0.407,0.004,0.0069999999999999,0.3289999999999999,0.417,0.59,0.322,0.002
46120,0.375,0.004,0.008,0.322,0.405,0.608,0.311,0.002
46121,0.376,0.004,0.008,0.321,0.4,0.615,0.319,0.002
46122,0.3670000000000001,0.004,0.009,0.32,0.3979999999999999,0.607,0.306,0.002
46123,0.3670000000000001,0.004,0.01,0.3229999999999999,0.396,0.599,0.303,0.002
46124,0.35,0.003,0.009,0.311,0.387,0.591,0.299,0.002
46125,0.358,0.004,0.009,0.304,0.365,0.551,0.295,0.002
46126,0.337,0.004,0.008,0.3,0.36,0.575,0.266,0.002
46127,0.37,0.005,0.008,0.3339999999999999,0.406,0.622,0.301,0.003
46128,0.3329999999999999,0.005,0.008,0.326,0.3929999999999999,0.597,0.271,0.003
46129,0.355,0.0069999999999999,0.009,0.3279999999999999,0.418,0.6409999999999999,0.294,0.003
46130,0.34,0.0069999999999999,0.009,0.325,0.429,0.599,0.266,0.003
46131,0.3779999999999999,0.008,0.01,0.3339999999999999,0.439,0.61,0.304,0.003
46132,0.36,0.0069999999999999,0.009,0.322,0.437,0.594,0.306,0.003
46133,0.39,0.0069999999999999,0.009,0.3279999999999999,0.449,0.652,0.315,0.003
46134,0.375,0.0069999999999999,0.009,0.33,0.4679999999999999,0.6409999999999999,0.317,0.003
46135,0.3979999999999999,0.0069999999999999,0.009,0.347,0.489,0.67,0.3229999999999999,0.003
46136,0.385,0.008,0.009,0.322,0.478,0.631,0.313,0.003
46137,0.389,0.0069999999999999,0.009,0.3229999999999999,0.476,0.632,0.305,0.003
46138,0.4029999999999999,0.0069999999999999,0.009,0.332,0.478,0.642,0.319,0.003
46139,0.414,0.008,0.008,0.324,0.472,0.6629999999999999,0.341,0.003
46140,0.369,0.005,0.0069999999999999,0.312,0.4379999999999999,0.639,0.306,0.004
46141,0.382,0.006,0.0069999999999999,0.309,0.447,0.6559999999999999,0.31,0.003
46142,0.36,0.006,0.0069999999999999,0.3,0.434,0.645,0.298,0.003
46143,0.346,0.005,0.0069999999999999,0.302,0.432,0.619,0.287,0.004
46144,0.361,0.006,0.0069999999999999,0.296,0.407,0.588,0.303,0.003
46145,0.341,0.005,0.0069999999999999,0.29,0.4,0.588,0.29,0.003
46146,0.335,0.005,0.0069999999999999,0.278,0.381,0.5670000000000001,0.287,0.003
46147,0.3879999999999999,0.005,0.0069999999999999,0.307,0.3979999999999999,0.569,0.318,0.003
46148,0.345,0.005,0.0069999999999999,0.293,0.384,0.527,0.301,0.002
46149,0.377,0.005,0.0069999999999999,0.316,0.405,0.56,0.308,0.002
46150,0.373,0.005,0.0069999999999999,0.289,0.381,0.556,0.305,0.002
46151,0.411,0.005,0.008,0.316,0.411,0.575,0.3339999999999999,0.002
46152,0.421,0.005,0.008,0.325,0.427,0.597,0.331,0.002
46153,0.41,0.005,0.008,0.313,0.413,0.598,0.325,0.002
46154,0.412,0.006,0.0069999999999999,0.306,0.4,0.5920000000000001,0.3329999999999999,0.002
46155,0.413,0.006,0.008,0.301,0.406,0.591,0.316,0.002
46156,0.441,0.006,0.0069999999999999,0.31,0.42,0.601,0.33,0.002
46157,0.363,0.005,0.0069999999999999,0.256,0.372,0.5479999999999999,0.299,0.002
46158,0.4039999999999999,0.006,0.0069999999999999,0.299,0.408,0.581,0.315,0.002
46159,0.36,0.004,0.0069999999999999,0.265,0.371,0.545,0.283,0.002
46160,0.41,0.006,0.008,0.294,0.406,0.601,0.309,0.002
46161,0.373,0.006,0.0069999999999999,0.261,0.365,0.531,0.271,0.002
46162,0.4039999999999999,0.006,0.008,0.268,0.365,0.561,0.3,0.002
46163,0.356,0.006,0.008,0.273,0.361,0.5539999999999999,0.288,0.002
46164,0.385,0.0069999999999999,0.008,0.278,0.382,0.594,0.298,0.002
46165,0.366,0.006,0.008,0.3,0.401,0.591,0.285,0.002
46166,0.366,0.006,0.008,0.298,0.41,0.612,0.282,0.002
46167,0.366,0.006,0.009,0.298,0.405,0.588,0.294,0.002
46168,0.3429999999999999,0.0069999999999999,0.009,0.301,0.409,0.594,0.2739999999999999,0.002
46169,0.365,0.009,0.01,0.305,0.419,0.601,0.309,0.002
46170,0.351,0.006,0.01,0.296,0.3989999999999999,0.586,0.293,0.002
46171,0.379,0.006,0.01,0.319,0.4479999999999999,0.636,0.311,0.002
46172,0.357,0.004,0.009,0.314,0.446,0.608,0.295,0.002
46173,0.374,0.004,0.008,0.327,0.4629999999999999,0.619,0.316,0.002
46174,0.337,0.004,0.008,0.303,0.449,0.599,0.276,0.002
46175,0.3779999999999999,0.006,0.008,0.321,0.4629999999999999,0.642,0.31,0.002
46176,0.331,0.005,0.008,0.311,0.44,0.599,0.273,0.002
46177,0.4029999999999999,0.005,0.008,0.3429999999999999,0.494,0.6609999999999999,0.321,0.002
46178,0.359,0.005,0.008,0.331,0.472,0.63,0.295,0.002
46179,0.391,0.005,0.008,0.33,0.492,0.6509999999999999,0.31,0.002
46180,0.364,0.003,0.008,0.332,0.482,0.63,0.298,0.002
46181,0.422,0.005,0.008,0.348,0.515,0.677,0.346,0.002
46182,0.414,0.004,0.008,0.344,0.492,0.675,0.315,0.003
46183,0.423,0.0069999999999999,0.008,0.355,0.491,0.6729999999999999,0.317,0.003
46184,0.4679999999999999,0.0069999999999999,0.009,0.353,0.519,0.701,0.332,0.003
46185,0.423,0.006,0.008,0.355,0.542,0.688,0.324,0.003
46186,0.4589999999999999,0.006,0.009,0.374,0.546,0.711,0.357,0.003
46187,0.4370000000000001,0.008,0.008,0.371,0.544,0.715,0.359,0.003
46188,0.407,0.008,0.009,0.385,0.56,0.7190000000000001,0.34,0.003
46189,0.411,0.008,0.009,0.3939999999999999,0.5670000000000001,0.7490000000000001,0.357,0.003
46190,0.418,0.008,0.009,0.382,0.564,0.713,0.353,0.003
46191,0.392,0.006,0.009,0.381,0.5479999999999999,0.705,0.3279999999999999,0.003
46192,0.415,0.0069999999999999,0.009,0.392,0.568,0.716,0.357,0.003
46193,0.4,0.006,0.009,0.3879999999999999,0.561,0.723,0.345,0.003
46194,0.382,0.004,0.009,0.387,0.547,0.698,0.32,0.003
46195,0.384,0.004,0.009,0.381,0.546,0.675,0.335,0.003
46196,0.363,0.004,0.009,0.39,0.57,0.6829999999999999,0.319,0.003
46197,0.352,0.004,0.008,0.367,0.531,0.647,0.297,0.002
46198,0.389,0.0069999999999999,0.008,0.375,0.5379999999999999,0.691,0.32,0.002
46199,0.3429999999999999,0.0069999999999999,0.008,0.367,0.507,0.677,0.284,0.002
46200,0.373,0.0069999999999999,0.009,0.4039999999999999,0.5529999999999999,0.727,0.315,0.002
46201,0.387,0.0069999999999999,0.009,0.382,0.562,0.732,0.319,0.002
46202,0.381,0.006,0.009,0.381,0.5529999999999999,0.773,0.31,0.002
46203,0.407,0.0069999999999999,0.009,0.392,0.5670000000000001,0.787,0.3229999999999999,0.003
46204,0.392,0.006,0.008,0.364,0.5329999999999999,0.753,0.302,0.002
46205,0.429,0.0069999999999999,0.008,0.381,0.5429999999999999,0.741,0.331,0.002
46206,0.386,0.0069999999999999,0.008,0.351,0.502,0.682,0.29,0.002
46207,0.418,0.006,0.008,0.376,0.522,0.731,0.3329999999999999,0.002
46208,0.384,0.005,0.009,0.371,0.512,0.7070000000000001,0.305,0.002
46209,0.386,0.005,0.009,0.385,0.53,0.716,0.313,0.002
46210,0.413,0.006,0.009,0.384,0.518,0.698,0.31,0.002
46211,0.391,0.011,0.009,0.371,0.502,0.657,0.293,0.002
46212,0.429,0.011,0.009,0.3779999999999999,0.524,0.705,0.314,0.003
46213,0.364,0.011,0.009,0.366,0.491,0.639,0.281,0.003
46214,0.401,0.011,0.009,0.396,0.537,0.6920000000000001,0.299,0.003
46215,0.364,0.011,0.009,0.38,0.513,0.665,0.2769999999999999,0.003
46216,0.36,0.011,0.009,0.373,0.527,0.669,0.28,0.003
46217,0.36,0.01,0.009,0.379,0.512,0.68,0.28,0.003
46218,0.365,0.01,0.009,0.369,0.486,0.637,0.2789999999999999,0.003
46219,0.363,0.01,0.009,0.368,0.489,0.6579999999999999,0.2769999999999999,0.003
46220,0.344,0.01,0.009,0.3429999999999999,0.4629999999999999,0.627,0.271,0.003
46221,0.38,0.012,0.008,0.374,0.479,0.669,0.312,0.002
46222,0.346,0.006,0.008,0.335,0.439,0.605,0.283,0.002
46223,0.3939999999999999,0.0069999999999999,0.008,0.35,0.478,0.659,0.33,0.002
46224,0.332,0.0069999999999999,0.008,0.3279999999999999,0.434,0.609,0.307,0.002
46225,0.38,0.0069999999999999,0.009,0.335,0.435,0.63,0.324,0.002
46226,0.365,0.0069999999999999,0.009,0.325,0.423,0.609,0.322,0.002
46227,0.36,0.0069999999999999,0.009,0.322,0.412,0.607,0.321,0.002
46228,0.353,0.0069999999999999,0.009,0.293,0.39,0.578,0.313,0.002
46229,0.366,0.0069999999999999,0.009,0.296,0.396,0.625,0.313,0.002
46230,0.356,0.0069999999999999,0.0289999999999999,0.309,0.434,0.6509999999999999,0.301,0.002
46231,0.373,0.005,0.03,0.314,0.431,0.625,0.308,0.002
46232,0.3670000000000001,0.005,0.03,0.324,0.451,0.634,0.3,0.002
46233,0.353,0.005,0.0279999999999999,0.35,0.4429999999999999,0.618,0.293,0.002
46234,0.4,0.005,0.03,0.382,0.51,0.6679999999999999,0.332,0.002
46235,0.346,0.004,0.0289999999999999,0.352,0.497,0.634,0.283,0.002
46236,0.369,0.006,0.0289999999999999,0.357,0.518,0.659,0.314,0.003
46237,0.361,0.006,0.027,0.347,0.502,0.618,0.319,0.003
46238,0.374,0.005,0.0279999999999999,0.361,0.569,0.687,0.33,0.003
46239,0.366,0.006,0.027,0.369,0.5710000000000001,0.669,0.3229999999999999,0.003
46240,0.363,0.005,0.009,0.351,0.525,0.627,0.306,0.002
46241,0.39,0.005,0.009,0.362,0.546,0.614,0.312,0.003
46242,0.365,0.005,0.01,0.364,0.534,0.594,0.295,0.003
46243,0.359,0.005,0.01,0.369,0.525,0.605,0.294,0.003
46244,0.36,0.005,0.01,0.374,0.503,0.611,0.299,0.003
46245,0.396,0.005,0.01,0.392,0.49,0.634,0.317,0.003
46246,0.353,0.005,0.009,0.358,0.462,0.606,0.293,0.002
46247,0.391,0.005,0.009,0.358,0.475,0.6409999999999999,0.313,0.002
46248,0.355,0.005,0.009,0.337,0.444,0.601,0.298,0.002
46249,0.381,0.005,0.009,0.349,0.457,0.626,0.299,0.002
46250,0.4,0.005,0.009,0.351,0.455,0.626,0.3,0.003
46251,0.382,0.0069999999999999,0.009,0.362,0.43,0.626,0.284,0.003
46252,0.42,0.006,0.01,0.382,0.465,0.698,0.313,0.003
46253,0.364,0.005,0.009,0.345,0.425,0.616,0.2789999999999999,0.003
46254,0.381,0.004,0.009,0.345,0.414,0.648,0.293,0.003
46255,0.356,0.004,0.008,0.337,0.4379999999999999,0.6459999999999999,0.293,0.003
46256,0.342,0.004,0.008,0.325,0.416,0.622,0.288,0.003
46257,0.357,0.006,0.008,0.33,0.406,0.621,0.306,0.003
46258,0.352,0.006,0.008,0.3229999999999999,0.4039999999999999,0.614,0.294,0.003
46259,0.341,0.004,0.008,0.327,0.406,0.612,0.301,0.003
46260,0.3329999999999999,0.004,0.0069999999999999,0.3,0.3779999999999999,0.58,0.298,0.003
46261,0.3329999999999999,0.004,0.0069999999999999,0.308,0.377,0.585,0.275,0.003
46262,0.3279999999999999,0.005,0.0069999999999999,0.294,0.365,0.521,0.313,0.003
46263,0.344,0.005,0.006,0.296,0.364,0.5479999999999999,0.305,0.002
46264,0.3279999999999999,0.004,0.006,0.302,0.375,0.535,0.302,0.003
46265,0.309,0.003,0.006,0.293,0.356,0.539,0.284,0.002
46266,0.3379999999999999,0.005,0.006,0.296,0.39,0.588,0.31,0.002
46267,0.324,0.004,0.006,0.285,0.364,0.5539999999999999,0.255,0.002
46268,0.3829999999999999,0.004,0.0069999999999999,0.298,0.395,0.5770000000000001,0.298,0.002
46269,0.35,0.004,0.0069999999999999,0.303,0.379,0.5660000000000001,0.287,0.002
46270,0.369,0.004,0.008,0.33,0.424,0.626,0.308,0.005
46271,0.358,0.004,0.008,0.322,0.419,0.604,0.306,0.005
46272,0.379,0.004,0.009,0.33,0.435,0.631,0.3379999999999999,0.005
46273,0.353,0.005,0.009,0.336,0.439,0.6459999999999999,0.304,0.005
46274,0.353,0.005,0.009,0.355,0.473,0.6659999999999999,0.305,0.005
46275,0.373,0.005,0.009,0.353,0.499,0.65,0.313,0.005
46276,0.352,0.005,0.009,0.35,0.48,0.631,0.292,0.005
46277,0.3720000000000001,0.005,0.01,0.364,0.483,0.657,0.306,0.005
46278,0.327,0.004,0.01,0.342,0.479,0.631,0.29,0.005
46279,0.368,0.005,0.01,0.362,0.481,0.6609999999999999,0.311,0.005
46280,0.3389999999999999,0.005,0.009,0.347,0.455,0.615,0.296,0.002
46281,0.348,0.005,0.009,0.335,0.4429999999999999,0.611,0.3,0.002
46282,0.354,0.004,0.009,0.3389999999999999,0.4529999999999999,0.609,0.311,0.002
46283,0.354,0.004,0.009,0.331,0.4379999999999999,0.593,0.298,0.002
46284,0.351,0.005,0.008,0.3339999999999999,0.433,0.589,0.294,0.002
46285,0.3379999999999999,0.004,0.008,0.313,0.3929999999999999,0.552,0.281,0.002
46286,0.337,0.004,0.008,0.321,0.406,0.5760000000000001,0.284,0.002
46287,0.337,0.005,0.008,0.308,0.392,0.557,0.2769999999999999,0.002
46288,0.341,0.006,0.008,0.301,0.396,0.5579999999999999,0.267,0.002
46289,0.335,0.005,0.0069999999999999,0.314,0.382,0.556,0.259,0.002
46290,0.316,0.006,0.0069999999999999,0.311,0.3879999999999999,0.555,0.25,0.002
46291,0.346,0.006,0.008,0.337,0.423,0.602,0.278,0.002
46292,0.315,0.006,0.0069999999999999,0.34,0.412,0.586,0.253,0.002
46293,0.3429999999999999,0.006,0.008,0.363,0.447,0.639,0.2769999999999999,0.002
46294,0.308,0.0069999999999999,0.0069999999999999,0.3329999999999999,0.414,0.579,0.255,0.002
46295,0.3289999999999999,0.0069999999999999,0.0069999999999999,0.369,0.4479999999999999,0.634,0.2789999999999999,0.002
46296,0.32,0.005,0.008,0.371,0.4529999999999999,0.642,0.261,0.002
46297,0.3329999999999999,0.004,0.008,0.368,0.466,0.6729999999999999,0.276,0.002
46298,0.324,0.004,0.008,0.347,0.4479999999999999,0.612,0.267,0.003
46299,0.313,0.006,0.008,0.346,0.437,0.609,0.26,0.003
46300,0.3279999999999999,0.006,0.009,0.349,0.441,0.613,0.27,0.003
46301,0.353,0.006,0.008,0.359,0.444,0.63,0.271,0.003
46302,0.362,0.006,0.008,0.348,0.437,0.606,0.303,0.003
46303,0.346,0.006,0.008,0.3389999999999999,0.435,0.614,0.298,0.003
46304,0.37,0.009,0.008,0.355,0.461,0.631,0.308,0.003
46305,0.3389999999999999,0.008,0.008,0.3339999999999999,0.434,0.626,0.2769999999999999,0.003
46306,0.392,0.011,0.008,0.335,0.461,0.632,0.326,0.003
46307,0.341,0.011,0.008,0.345,0.431,0.5920000000000001,0.303,0.003
46308,0.392,0.01,0.008,0.357,0.456,0.655,0.3379999999999999,0.003
46309,0.3670000000000001,0.011,0.008,0.357,0.465,0.655,0.308,0.003
46310,0.392,0.01,0.008,0.382,0.482,0.6890000000000001,0.327,0.003
46311,0.371,0.009,0.009,0.367,0.501,0.685,0.311,0.003
46312,0.392,0.009,0.009,0.384,0.502,0.693,0.325,0.002
46313,0.353,0.008,0.009,0.357,0.4639999999999999,0.652,0.302,0.003
46314,0.377,0.0069999999999999,0.009,0.365,0.482,0.672,0.355,0.002
46315,0.366,0.004,0.008,0.355,0.467,0.6409999999999999,0.29,0.003
46316,0.357,0.004,0.008,0.352,0.462,0.627,0.291,0.002
46317,0.3389999999999999,0.004,0.008,0.342,0.445,0.601,0.278,0.002
46318,0.325,0.004,0.008,0.335,0.441,0.617,0.266,0.002
46319,0.325,0.004,0.0069999999999999,0.317,0.425,0.573,0.2769999999999999,0.002
46320,0.324,0.005,0.0069999999999999,0.3279999999999999,0.41,0.5720000000000001,0.266,0.002
46321,0.283,0.005,0.0069999999999999,0.307,0.389,0.525,0.256,0.002
46322,0.315,0.005,0.0069999999999999,0.317,0.4029999999999999,0.547,0.27,0.002
46323,0.305,0.005,0.0069999999999999,0.319,0.401,0.551,0.266,0.002
46324,0.309,0.0069999999999999,0.0069999999999999,0.307,0.389,0.552,0.275,0.002
46325,0.348,0.006,0.008,0.337,0.4029999999999999,0.581,0.305,0.002
46326,0.311,0.0069999999999999,0.008,0.331,0.389,0.563,0.271,0.002
46327,0.342,0.008,0.008,0.346,0.411,0.5920000000000001,0.295,0.003
46328,0.331,0.006,0.008,0.326,0.38,0.5429999999999999,0.281,0.002
46329,0.362,0.0069999999999999,0.008,0.351,0.413,0.591,0.3,0.003
46330,0.324,0.0069999999999999,0.008,0.302,0.382,0.537,0.268,0.002
46331,0.363,0.0069999999999999,0.008,0.34,0.412,0.585,0.294,0.002
46332,0.316,0.0069999999999999,0.008,0.327,0.3879999999999999,0.536,0.272,0.002
46333,0.368,0.0069999999999999,0.008,0.342,0.413,0.579,0.311,0.002
46334,0.342,0.0069999999999999,0.008,0.3379999999999999,0.415,0.575,0.289,0.002
46335,0.34,0.0069999999999999,0.008,0.331,0.425,0.595,0.278,0.002
46336,0.373,0.0069999999999999,0.008,0.351,0.452,0.607,0.314,0.003
46337,0.346,0.005,0.008,0.345,0.446,0.597,0.288,0.002
46338,0.377,0.005,0.008,0.357,0.473,0.65,0.297,0.003
46339,0.341,0.005,0.009,0.337,0.4539999999999999,0.614,0.28,0.003
46340,0.392,0.008,0.009,0.355,0.481,0.669,0.309,0.003
46341,0.3779999999999999,0.005,0.009,0.335,0.4539999999999999,0.638,0.286,0.002
46342,0.3670000000000001,0.005,0.009,0.349,0.451,0.665,0.308,0.003
46343,0.351,0.004,0.009,0.344,0.4429999999999999,0.618,0.297,0.002
46344,0.348,0.004,0.009,0.337,0.431,0.607,0.287,0.002
46345,0.349,0.005,0.008,0.3279999999999999,0.423,0.574,0.2769999999999999,0.002
46346,0.36,0.006,0.008,0.309,0.408,0.574,0.293,0.002
46347,0.3379999999999999,0.005,0.008,0.297,0.3979999999999999,0.5660000000000001,0.276,0.002
46348,0.35,0.006,0.008,0.305,0.3989999999999999,0.583,0.297,0.002
46349,0.375,0.005,0.008,0.316,0.397,0.578,0.308,0.002
46350,0.35,0.004,0.0069999999999999,0.314,0.382,0.545,0.282,0.002
46351,0.369,0.004,0.0069999999999999,0.3379999999999999,0.389,0.5529999999999999,0.31,0.002
46352,0.33,0.004,0.0069999999999999,0.3289999999999999,0.368,0.5329999999999999,0.283,0.002
46353,0.344,0.005,0.0069999999999999,0.3279999999999999,0.38,0.568,0.299,0.002
46354,0.317,0.005,0.0069999999999999,0.309,0.366,0.518,0.289,0.002
46355,0.359,0.008,0.0069999999999999,0.3229999999999999,0.386,0.5579999999999999,0.332,0.002
46356,0.32,0.006,0.006,0.284,0.3389999999999999,0.488,0.294,0.002
46357,0.366,0.006,0.0069999999999999,0.291,0.363,0.531,0.326,0.002
46358,0.326,0.006,0.0069999999999999,0.2769999999999999,0.3339999999999999,0.486,0.29,0.002
46359,0.344,0.005,0.0069999999999999,0.299,0.341,0.517,0.302,0.002
46360,0.313,0.0069999999999999,0.0069999999999999,0.265,0.315,0.484,0.29,0.002
46361,0.3289999999999999,0.0069999999999999,0.0069999999999999,0.2789999999999999,0.3339999999999999,0.5489999999999999,0.287,0.002
46362,0.36,0.0069999999999999,0.0069999999999999,0.294,0.356,0.544,0.312,0.002
46363,0.3289999999999999,0.006,0.0069999999999999,0.285,0.346,0.528,0.276,0.002
46364,0.362,0.0069999999999999,0.0069999999999999,0.315,0.374,0.557,0.32,0.002
46365,0.31,0.006,0.0069999999999999,0.298,0.384,0.5489999999999999,0.275,0.002
46366,0.34,0.006,0.008,0.3329999999999999,0.417,0.609,0.29,0.002
46367,0.291,0.006,0.008,0.325,0.412,0.5820000000000001,0.255,0.003
46368,0.336,0.0069999999999999,0.008,0.34,0.437,0.59,0.278,0.003
46369,0.297,0.0069999999999999,0.008,0.31,0.4029999999999999,0.54,0.247,0.003
46370,0.35,0.006,0.0069999999999999,0.337,0.436,0.607,0.286,0.003
46371,0.311,0.006,0.0069999999999999,0.308,0.41,0.574,0.244,0.003
46372,0.362,0.006,0.0069999999999999,0.35,0.431,0.615,0.2789999999999999,0.002
46373,0.3329999999999999,0.004,0.0069999999999999,0.327,0.4,0.588,0.259,0.002
46374,0.365,0.005,0.008,0.345,0.41,0.605,0.275,0.002
46375,0.342,0.005,0.008,0.3279999999999999,0.3829999999999999,0.563,0.253,0.002
46376,0.377,0.006,0.008,0.3289999999999999,0.389,0.5870000000000001,0.2789999999999999,0.002
46377,0.3670000000000001,0.006,0.0069999999999999,0.298,0.354,0.541,0.276,0.002
46378,0.39,0.0069999999999999,0.0069999999999999,0.304,0.395,0.594,0.29,0.002
46379,0.391,0.0069999999999999,0.0069999999999999,0.316,0.414,0.623,0.281,0.002
46380,0.3670000000000001,0.0069999999999999,0.0069999999999999,0.3379999999999999,0.39,0.575,0.28,0.002
46381,0.3670000000000001,0.0069999999999999,0.008,0.335,0.395,0.5820000000000001,0.284,0.002
46382,0.375,0.006,0.008,0.3279999999999999,0.4039999999999999,0.589,0.307,0.002
46383,0.373,0.006,0.008,0.336,0.407,0.5920000000000001,0.317,0.002
46384,0.366,0.005,0.0069999999999999,0.341,0.43,0.589,0.31,0.002
46385,0.363,0.005,0.0069999999999999,0.347,0.444,0.624,0.315,0.002
46386,0.353,0.005,0.008,0.337,0.432,0.596,0.301,0.002
46387,0.353,0.005,0.008,0.336,0.427,0.604,0.295,0.002
46388,0.355,0.005,0.008,0.335,0.447,0.578,0.268,0.002
46389,0.344,0.005,0.008,0.3229999999999999,0.431,0.5589999999999999,0.258,0.002
46390,0.348,0.005,0.008,0.316,0.445,0.564,0.296,0.002
46391,0.347,0.005,0.009,0.294,0.421,0.525,0.271,0.002
46392,0.332,0.004,0.008,0.292,0.41,0.5329999999999999,0.275,0.002
46393,0.318,0.006,0.008,0.286,0.407,0.529,0.2689999999999999,0.002
46394,0.3429999999999999,0.005,0.008,0.301,0.431,0.575,0.291,0.002
46395,0.3289999999999999,0.004,0.008,0.28,0.395,0.5529999999999999,0.289,0.002
46396,0.335,0.005,0.008,0.299,0.42,0.5539999999999999,0.303,0.002
46397,0.336,0.004,0.008,0.307,0.415,0.5660000000000001,0.305,0.002
46398,0.3329999999999999,0.004,0.008,0.3,0.405,0.5660000000000001,0.294,0.002
46399,0.336,0.004,0.008,0.296,0.3989999999999999,0.555,0.299,0.002
46400,0.341,0.004,0.008,0.313,0.4039999999999999,0.556,0.287,0.002
46401,0.348,0.004,0.008,0.313,0.396,0.56,0.294,0.002
46402,0.3429999999999999,0.005,0.009,0.319,0.426,0.579,0.278,0.004
46403,0.3389999999999999,0.005,0.009,0.307,0.411,0.563,0.273,0.004
46404,0.309,0.005,0.009,0.296,0.3929999999999999,0.5489999999999999,0.261,0.004
46405,0.3429999999999999,0.006,0.009,0.317,0.417,0.584,0.286,0.004
46406,0.355,0.005,0.009,0.336,0.421,0.597,0.3,0.004
46407,0.362,0.006,0.009,0.327,0.413,0.595,0.314,0.004
46408,0.395,0.006,0.009,0.3339999999999999,0.431,0.62,0.332,0.004
46409,0.4029999999999999,0.006,0.009,0.357,0.435,0.65,0.364,0.004
46410,0.4,0.004,0.011,0.352,0.441,0.636,0.354,0.004
46411,0.421,0.005,0.011,0.352,0.4479999999999999,0.669,0.37,0.003
46412,0.411,0.004,0.011,0.365,0.436,0.628,0.364,0.003
46413,0.449,0.005,0.011,0.381,0.452,0.67,0.386,0.003
46414,0.457,0.004,0.011,0.387,0.462,0.713,0.385,0.003
46415,0.429,0.004,0.011,0.375,0.444,0.6859999999999999,0.353,0.002
46416,0.409,0.005,0.011,0.385,0.4589999999999999,0.7170000000000001,0.337,0.002
46417,0.3939999999999999,0.006,0.011,0.38,0.46,0.7040000000000001,0.3379999999999999,0.003
46418,0.3670000000000001,0.006,0.01,0.374,0.461,0.69,0.314,0.003
46419,0.33,0.006,0.01,0.361,0.445,0.647,0.282,0.003
46420,0.392,0.008,0.01,0.3829999999999999,0.488,0.711,0.335,0.003
46421,0.362,0.006,0.009,0.367,0.4679999999999999,0.685,0.312,0.003
46422,0.3989999999999999,0.0069999999999999,0.009,0.379,0.484,0.67,0.309,0.003
46423,0.357,0.0069999999999999,0.009,0.366,0.469,0.6579999999999999,0.287,0.003
46424,0.362,0.009,0.009,0.3779999999999999,0.495,0.679,0.278,0.003
46425,0.356,0.008,0.009,0.364,0.47,0.6509999999999999,0.264,0.003
46426,0.365,0.0069999999999999,0.009,0.369,0.48,0.659,0.293,0.003
46427,0.357,0.008,0.009,0.363,0.479,0.667,0.284,0.003
46428,0.371,0.013,0.009,0.364,0.489,0.664,0.286,0.003
46429,0.356,0.012,0.009,0.353,0.48,0.648,0.28,0.003
46430,0.364,0.012,0.01,0.353,0.472,0.657,0.273,0.003
46431,0.353,0.011,0.01,0.342,0.45,0.619,0.252,0.003
46432,0.33,0.009,0.009,0.331,0.451,0.611,0.263,0.003
46433,0.3379999999999999,0.009,0.009,0.316,0.433,0.59,0.266,0.003
46434,0.322,0.006,0.012,0.321,0.44,0.5770000000000001,0.264,0.003
46435,0.336,0.006,0.011,0.307,0.415,0.555,0.268,0.002
46436,0.358,0.0069999999999999,0.011,0.319,0.428,0.563,0.275,0.002
46437,0.345,0.0069999999999999,0.012,0.304,0.406,0.526,0.272,0.003
46438,0.355,0.006,0.011,0.301,0.429,0.557,0.276,0.003
46439,0.357,0.0069999999999999,0.011,0.296,0.408,0.537,0.276,0.003
46440,0.3379999999999999,0.005,0.011,0.295,0.397,0.5379999999999999,0.273,0.003
46441,0.363,0.005,0.011,0.3229999999999999,0.4,0.56,0.299,0.003
46442,0.352,0.005,0.011,0.305,0.387,0.54,0.287,0.003
46443,0.382,0.0069999999999999,0.011,0.299,0.3929999999999999,0.5529999999999999,0.301,0.003
46444,0.3289999999999999,0.0069999999999999,0.0069999999999999,0.267,0.354,0.503,0.275,0.003
46445,0.387,0.0069999999999999,0.0069999999999999,0.294,0.39,0.542,0.319,0.002
46446,0.342,0.0069999999999999,0.0069999999999999,0.281,0.368,0.53,0.2789999999999999,0.002
46447,0.387,0.0069999999999999,0.0069999999999999,0.311,0.37,0.589,0.3289999999999999,0.002
46448,0.337,0.0069999999999999,0.0069999999999999,0.286,0.3389999999999999,0.519,0.259,0.002
46449,0.3779999999999999,0.006,0.0069999999999999,0.319,0.39,0.5820000000000001,0.304,0.002
46450,0.354,0.006,0.0069999999999999,0.295,0.361,0.546,0.288,0.002
46451,0.357,0.006,0.008,0.299,0.379,0.575,0.294,0.002
46452,0.335,0.0069999999999999,0.008,0.297,0.382,0.568,0.273,0.002
46453,0.332,0.008,0.0069999999999999,0.305,0.3989999999999999,0.585,0.264,0.002
46454,0.359,0.0069999999999999,0.008,0.346,0.412,0.608,0.288,0.002
46455,0.345,0.006,0.008,0.3329999999999999,0.3879999999999999,0.584,0.271,0.002
46456,0.358,0.006,0.008,0.3429999999999999,0.397,0.598,0.2739999999999999,0.002
46457,0.314,0.006,0.008,0.318,0.386,0.563,0.242,0.003
46458,0.366,0.006,0.009,0.344,0.456,0.621,0.299,0.002
46459,0.326,0.004,0.008,0.321,0.424,0.5589999999999999,0.253,0.003
46460,0.363,0.006,0.009,0.345,0.4579999999999999,0.607,0.301,0.003
46461,0.352,0.004,0.009,0.3279999999999999,0.421,0.5920000000000001,0.286,0.003
46462,0.38,0.004,0.009,0.3379999999999999,0.439,0.632,0.289,0.003
46463,0.363,0.004,0.008,0.344,0.4539999999999999,0.643,0.288,0.003
46464,0.327,0.005,0.008,0.349,0.4529999999999999,0.629,0.259,0.003
46465,0.344,0.005,0.009,0.387,0.498,0.637,0.288,0.003
46466,0.332,0.005,0.009,0.377,0.498,0.638,0.282,0.003
46467,0.35,0.005,0.009,0.387,0.485,0.642,0.292,0.003
46468,0.3289999999999999,0.005,0.009,0.3979999999999999,0.451,0.616,0.272,0.003
46469,0.354,0.006,0.009,0.369,0.471,0.675,0.296,0.003
46470,0.3329999999999999,0.006,0.008,0.349,0.442,0.632,0.288,0.003
46471,0.34,0.006,0.008,0.358,0.445,0.628,0.29,0.003
46472,0.309,0.005,0.008,0.35,0.425,0.6,0.278,0.003
46473,0.341,0.004,0.008,0.352,0.4379999999999999,0.619,0.289,0.003
46474,0.3720000000000001,0.0069999999999999,0.008,0.342,0.46,0.618,0.302,0.002
46475,0.34,0.004,0.008,0.3279999999999999,0.431,0.598,0.283,0.002
46476,0.349,0.004,0.008,0.322,0.437,0.605,0.299,0.002
46477,0.354,0.004,0.0069999999999999,0.304,0.405,0.588,0.296,0.002
46478,0.351,0.005,0.0069999999999999,0.307,0.385,0.563,0.292,0.002
46479,0.363,0.005,0.0069999999999999,0.322,0.397,0.562,0.295,0.002
46480,0.358,0.004,0.0069999999999999,0.312,0.369,0.5379999999999999,0.291,0.003
46481,0.36,0.004,0.0069999999999999,0.303,0.359,0.525,0.2789999999999999,0.003
46482,0.3879999999999999,0.005,0.0069999999999999,0.321,0.391,0.564,0.3,0.003
46483,0.361,0.005,0.0069999999999999,0.281,0.356,0.498,0.272,0.002
46484,0.374,0.006,0.0069999999999999,0.297,0.372,0.542,0.292,0.002
46485,0.352,0.006,0.0069999999999999,0.278,0.353,0.519,0.291,0.002
46486,0.381,0.006,0.0069999999999999,0.313,0.366,0.541,0.303,0.002
46487,0.352,0.006,0.0069999999999999,0.294,0.368,0.54,0.282,0.002
46488,0.364,0.006,0.008,0.309,0.39,0.575,0.305,0.002
46489,0.332,0.006,0.008,0.282,0.368,0.541,0.276,0.002
46490,0.351,0.006,0.008,0.3,0.387,0.602,0.293,0.002
46491,0.374,0.006,0.008,0.308,0.4,0.616,0.305,0.002
46492,0.318,0.005,0.0069999999999999,0.272,0.354,0.535,0.271,0.002
46493,0.36,0.005,0.008,0.292,0.3979999999999999,0.607,0.288,0.002
46494,0.316,0.005,0.0069999999999999,0.276,0.362,0.5579999999999999,0.248,0.002
46495,0.366,0.005,0.008,0.3229999999999999,0.412,0.61,0.289,0.002
46496,0.3339999999999999,0.005,0.008,0.302,0.395,0.579,0.25,0.002
46497,0.371,0.008,0.008,0.324,0.424,0.632,0.287,0.002
46498,0.35,0.0069999999999999,0.0069999999999999,0.301,0.402,0.579,0.264,0.002
46499,0.3879999999999999,0.0069999999999999,0.0069999999999999,0.331,0.4479999999999999,0.633,0.292,0.002
46500,0.347,0.0069999999999999,0.0069999999999999,0.345,0.4529999999999999,0.606,0.281,0.002
46501,0.374,0.0069999999999999,0.008,0.351,0.498,0.6579999999999999,0.286,0.002
46502,0.371,0.0069999999999999,0.008,0.357,0.517,0.6729999999999999,0.286,0.002
46503,0.36,0.0069999999999999,0.008,0.368,0.55,0.6809999999999999,0.272,0.002
46504,0.3979999999999999,0.0069999999999999,0.008,0.386,0.5539999999999999,0.695,0.316,0.002
46505,0.362,0.0069999999999999,0.008,0.372,0.51,0.677,0.292,0.002
46506,0.3670000000000001,0.006,0.009,0.35,0.496,0.649,0.298,0.002
46507,0.419,0.004,0.009,0.364,0.517,0.6759999999999999,0.321,0.002
46508,0.447,0.004,0.01,0.419,0.537,0.7340000000000001,0.3379999999999999,0.002
46509,0.4270000000000001,0.004,0.01,0.421,0.526,0.721,0.3279999999999999,0.002
46510,0.4629999999999999,0.005,0.009,0.423,0.523,0.7340000000000001,0.358,0.002
46511,0.409,0.004,0.009,0.396,0.488,0.6679999999999999,0.313,0.003
46512,0.4539999999999999,0.004,0.009,0.3829999999999999,0.511,0.659,0.349,0.003
46513,0.41,0.004,0.009,0.376,0.475,0.639,0.305,0.003
46514,0.42,0.005,0.009,0.379,0.476,0.647,0.325,0.002
46515,0.428,0.005,0.009,0.38,0.486,0.66,0.3329999999999999,0.002
46516,0.4379999999999999,0.006,0.009,0.387,0.505,0.69,0.357,0.003
46517,0.396,0.006,0.008,0.369,0.474,0.636,0.31,0.002
46518,0.3929999999999999,0.006,0.008,0.344,0.48,0.6509999999999999,0.3389999999999999,0.002
46519,0.362,0.006,0.0069999999999999,0.325,0.432,0.61,0.2739999999999999,0.002
46520,0.374,0.0069999999999999,0.0069999999999999,0.3279999999999999,0.46,0.63,0.306,0.002
46521,0.384,0.005,0.0069999999999999,0.345,0.477,0.665,0.306,0.002
46522,0.389,0.0069999999999999,0.008,0.345,0.495,0.667,0.317,0.002
46523,0.3979999999999999,0.005,0.008,0.354,0.495,0.6559999999999999,0.311,0.003
46524,0.4,0.005,0.008,0.365,0.496,0.665,0.316,0.002
46525,0.357,0.005,0.008,0.342,0.455,0.604,0.301,0.002
46526,0.3670000000000001,0.005,0.008,0.342,0.467,0.616,0.312,0.003
46527,0.392,0.005,0.008,0.355,0.489,0.643,0.3279999999999999,0.003
46528,0.397,0.005,0.008,0.365,0.514,0.648,0.3279999999999999,0.003
46529,0.4039999999999999,0.006,0.008,0.3779999999999999,0.5,0.6579999999999999,0.342,0.003
46530,0.416,0.006,0.008,0.37,0.478,0.648,0.346,0.003
46531,0.384,0.0069999999999999,0.008,0.336,0.4379999999999999,0.607,0.314,0.003
46532,0.386,0.0069999999999999,0.008,0.344,0.4539999999999999,0.642,0.315,0.003
46533,0.397,0.006,0.008,0.348,0.4379999999999999,0.624,0.35,0.003
46534,0.366,0.006,0.008,0.337,0.424,0.615,0.32,0.003
46535,0.3939999999999999,0.006,0.009,0.355,0.45,0.652,0.342,0.003
46536,0.369,0.006,0.009,0.349,0.445,0.615,0.304,0.003
46537,0.3720000000000001,0.006,0.009,0.361,0.446,0.622,0.318,0.003
46538,0.345,0.006,0.009,0.3379999999999999,0.418,0.596,0.3,0.003
46539,0.349,0.004,0.01,0.337,0.422,0.61,0.29,0.003
46540,0.365,0.004,0.009,0.34,0.433,0.621,0.31,0.003
46541,0.35,0.004,0.01,0.34,0.442,0.628,0.3,0.003
46542,0.345,0.004,0.01,0.335,0.432,0.609,0.297,0.003
46543,0.35,0.004,0.01,0.324,0.41,0.5820000000000001,0.297,0.003
46544,0.359,0.004,0.009,0.33,0.434,0.631,0.314,0.003
46545,0.347,0.004,0.008,0.308,0.41,0.581,0.304,0.002
46546,0.348,0.004,0.0069999999999999,0.295,0.372,0.568,0.288,0.002
46547,0.351,0.004,0.0069999999999999,0.295,0.374,0.563,0.278,0.002
46548,0.34,0.004,0.0069999999999999,0.286,0.347,0.524,0.281,0.002
46549,0.36,0.004,0.0069999999999999,0.284,0.3279999999999999,0.51,0.295,0.002
46550,0.349,0.004,0.0069999999999999,0.2769999999999999,0.319,0.485,0.287,0.002
46551,0.363,0.004,0.0069999999999999,0.276,0.3229999999999999,0.486,0.294,0.002
46552,0.352,0.004,0.006,0.275,0.31,0.475,0.276,0.002
46553,0.3329999999999999,0.004,0.006,0.255,0.282,0.441,0.273,0.001
46554,0.347,0.004,0.005,0.237,0.301,0.442,0.285,0.002
46555,0.347,0.004,0.005,0.235,0.289,0.431,0.281,0.001
46556,0.384,0.004,0.005,0.264,0.301,0.457,0.321,0.001
46557,0.35,0.004,0.005,0.245,0.293,0.439,0.272,0.001
46558,0.387,0.004,0.0069999999999999,0.255,0.3329999999999999,0.483,0.312,0.001
46559,0.385,0.004,0.006,0.241,0.321,0.4589999999999999,0.291,0.001
46560,0.3989999999999999,0.005,0.0069999999999999,0.251,0.3429999999999999,0.493,0.302,0.001
46561,0.3779999999999999,0.005,0.0069999999999999,0.251,0.345,0.492,0.28,0.002
46562,0.344,0.005,0.0069999999999999,0.264,0.352,0.52,0.284,0.002
46563,0.384,0.005,0.0069999999999999,0.297,0.384,0.551,0.302,0.002
46564,0.3329999999999999,0.004,0.0069999999999999,0.265,0.349,0.511,0.262,0.002
46565,0.349,0.004,0.008,0.303,0.387,0.5920000000000001,0.282,0.002
46566,0.34,0.004,0.008,0.307,0.409,0.609,0.272,0.002
46567,0.354,0.004,0.0069999999999999,0.3,0.396,0.581,0.273,0.002
46568,0.352,0.006,0.0069999999999999,0.315,0.42,0.61,0.296,0.002
46569,0.34,0.006,0.0069999999999999,0.318,0.418,0.624,0.289,0.002
46570,0.35,0.006,0.0069999999999999,0.308,0.421,0.623,0.291,0.002
46571,0.359,0.006,0.008,0.326,0.4379999999999999,0.653,0.292,0.002
46572,0.3720000000000001,0.006,0.008,0.3279999999999999,0.451,0.659,0.303,0.002
46573,0.359,0.005,0.008,0.314,0.431,0.612,0.288,0.002
46574,0.419,0.006,0.008,0.336,0.445,0.6409999999999999,0.326,0.002
46575,0.377,0.006,0.009,0.321,0.428,0.604,0.291,0.002
46576,0.43,0.006,0.009,0.348,0.4579999999999999,0.639,0.315,0.002
46577,0.405,0.006,0.009,0.35,0.461,0.6609999999999999,0.303,0.002
46578,0.405,0.006,0.008,0.366,0.484,0.685,0.314,0.003
46579,0.43,0.008,0.009,0.373,0.501,0.684,0.3289999999999999,0.002
46580,0.4029999999999999,0.008,0.008,0.365,0.493,0.672,0.305,0.003
46581,0.418,0.008,0.008,0.353,0.495,0.662,0.34,0.003
46582,0.396,0.008,0.008,0.34,0.4589999999999999,0.621,0.325,0.003
46583,0.387,0.0069999999999999,0.008,0.353,0.4579999999999999,0.654,0.317,0.003
46584,0.416,0.0069999999999999,0.008,0.359,0.473,0.664,0.32,0.003
46585,0.382,0.0069999999999999,0.008,0.34,0.4539999999999999,0.633,0.315,0.003
46586,0.362,0.006,0.008,0.351,0.505,0.654,0.276,0.003
46587,0.375,0.0069999999999999,0.008,0.344,0.513,0.6409999999999999,0.292,0.002
46588,0.3720000000000001,0.0069999999999999,0.0069999999999999,0.349,0.494,0.66,0.296,0.003
46589,0.377,0.0069999999999999,0.0069999999999999,0.342,0.478,0.628,0.303,0.003
46590,0.366,0.0069999999999999,0.0069999999999999,0.335,0.4589999999999999,0.622,0.287,0.002
46591,0.351,0.0069999999999999,0.008,0.3329999999999999,0.445,0.613,0.293,0.002
46592,0.345,0.0069999999999999,0.008,0.321,0.433,0.615,0.28,0.002
46593,0.361,0.0069999999999999,0.008,0.342,0.457,0.637,0.306,0.002
46594,0.325,0.006,0.008,0.313,0.427,0.597,0.262,0.002
46595,0.369,0.006,0.008,0.3279999999999999,0.4679999999999999,0.627,0.298,0.002
46596,0.3229999999999999,0.005,0.008,0.297,0.381,0.579,0.251,0.002
46597,0.364,0.004,0.0069999999999999,0.325,0.412,0.631,0.295,0.002
46598,0.354,0.003,0.008,0.313,0.42,0.612,0.288,0.002
46599,0.352,0.003,0.008,0.3229999999999999,0.421,0.628,0.275,0.002
46600,0.3879999999999999,0.003,0.008,0.3429999999999999,0.449,0.659,0.312,0.002
46601,0.351,0.004,0.008,0.327,0.427,0.61,0.2689999999999999,0.002
46602,0.375,0.006,0.008,0.351,0.4579999999999999,0.64,0.311,0.002
46603,0.335,0.006,0.008,0.3229999999999999,0.421,0.596,0.283,0.002
46604,0.335,0.006,0.009,0.335,0.43,0.612,0.284,0.002
46605,0.346,0.006,0.009,0.3379999999999999,0.437,0.623,0.282,0.002
46606,0.34,0.006,0.009,0.33,0.437,0.618,0.288,0.002
46607,0.3389999999999999,0.006,0.009,0.353,0.461,0.632,0.268,0.002
46608,0.342,0.0069999999999999,0.008,0.335,0.437,0.608,0.2769999999999999,0.002
46609,0.3379999999999999,0.005,0.008,0.324,0.444,0.642,0.2689999999999999,0.002
46610,0.34,0.005,0.0069999999999999,0.327,0.435,0.619,0.272,0.002
46611,0.353,0.005,0.008,0.337,0.4479999999999999,0.652,0.278,0.002
46612,0.361,0.005,0.008,0.34,0.46,0.642,0.287,0.002
46613,0.356,0.005,0.008,0.361,0.497,0.669,0.281,0.002
46614,0.382,0.005,0.008,0.385,0.505,0.691,0.327,0.002
46615,0.351,0.008,0.008,0.359,0.477,0.659,0.301,0.002
46616,0.366,0.008,0.008,0.369,0.501,0.6809999999999999,0.305,0.002
46617,0.375,0.008,0.008,0.371,0.483,0.682,0.294,0.003
46618,0.364,0.0069999999999999,0.008,0.372,0.497,0.705,0.287,0.004
46619,0.3720000000000001,0.006,0.008,0.371,0.496,0.685,0.296,0.004
46620,0.357,0.006,0.008,0.36,0.479,0.664,0.272,0.004
46621,0.3429999999999999,0.0069999999999999,0.008,0.36,0.488,0.649,0.287,0.004
46622,0.3429999999999999,0.0069999999999999,0.008,0.336,0.462,0.629,0.278,0.004
46623,0.362,0.0069999999999999,0.008,0.344,0.456,0.643,0.293,0.004
46624,0.3389999999999999,0.0069999999999999,0.008,0.322,0.428,0.616,0.266,0.004
46625,0.365,0.0069999999999999,0.008,0.341,0.465,0.652,0.289,0.004
46626,0.384,0.0069999999999999,0.009,0.33,0.466,0.629,0.301,0.004
46627,0.351,0.006,0.01,0.318,0.436,0.602,0.273,0.002
46628,0.363,0.006,0.01,0.312,0.429,0.588,0.307,0.002
46629,0.346,0.0069999999999999,0.01,0.309,0.419,0.584,0.284,0.002
46630,0.363,0.0069999999999999,0.01,0.326,0.432,0.614,0.299,0.002
46631,0.413,0.009,0.01,0.346,0.461,0.653,0.318,0.002
46632,0.385,0.009,0.01,0.331,0.473,0.653,0.31,0.003
46633,0.385,0.006,0.01,0.33,0.4529999999999999,0.649,0.321,0.002
46634,0.401,0.006,0.01,0.331,0.461,0.6809999999999999,0.316,0.002
46635,0.364,0.005,0.01,0.327,0.462,0.66,0.285,0.002
46636,0.4039999999999999,0.006,0.009,0.347,0.49,0.688,0.315,0.002
46637,0.391,0.006,0.009,0.35,0.492,0.6920000000000001,0.303,0.002
46638,0.4029999999999999,0.006,0.01,0.3779999999999999,0.505,0.701,0.326,0.003
46639,0.387,0.0069999999999999,0.009,0.361,0.487,0.664,0.297,0.003
46640,0.396,0.008,0.01,0.369,0.517,0.6829999999999999,0.3339999999999999,0.003
46641,0.369,0.008,0.009,0.342,0.478,0.643,0.313,0.003
46642,0.387,0.008,0.01,0.365,0.507,0.6729999999999999,0.3329999999999999,0.003
46643,0.361,0.008,0.009,0.352,0.488,0.652,0.307,0.003
46644,0.38,0.008,0.01,0.356,0.475,0.653,0.3229999999999999,0.003
46645,0.364,0.009,0.01,0.335,0.441,0.602,0.3,0.003
46646,0.351,0.006,0.008,0.324,0.436,0.61,0.293,0.002
46647,0.33,0.006,0.008,0.315,0.41,0.598,0.266,0.003
46648,0.342,0.006,0.008,0.318,0.418,0.61,0.284,0.002
46649,0.3429999999999999,0.006,0.008,0.32,0.413,0.6,0.292,0.002
46650,0.318,0.006,0.008,0.294,0.366,0.552,0.258,0.002
46651,0.345,0.0069999999999999,0.009,0.322,0.4,0.585,0.295,0.002
46652,0.32,0.006,0.008,0.293,0.363,0.525,0.266,0.002
46653,0.342,0.006,0.008,0.299,0.391,0.586,0.283,0.002
46654,0.318,0.0069999999999999,0.008,0.281,0.371,0.5429999999999999,0.262,0.002
46655,0.336,0.0069999999999999,0.008,0.294,0.372,0.561,0.278,0.002
46656,0.317,0.008,0.008,0.2689999999999999,0.355,0.534,0.262,0.002
46657,0.332,0.008,0.0069999999999999,0.2739999999999999,0.35,0.536,0.259,0.002
46658,0.342,0.008,0.008,0.268,0.355,0.509,0.2689999999999999,0.002
46659,0.314,0.008,0.008,0.254,0.342,0.487,0.253,0.002
46660,0.3329999999999999,0.0069999999999999,0.0069999999999999,0.284,0.368,0.552,0.271,0.002
46661,0.302,0.005,0.0069999999999999,0.264,0.3429999999999999,0.54,0.254,0.002
46662,0.316,0.005,0.0069999999999999,0.288,0.357,0.565,0.262,0.002
46663,0.33,0.0069999999999999,0.0069999999999999,0.296,0.359,0.579,0.272,0.002
46664,0.319,0.006,0.006,0.273,0.342,0.561,0.257,0.002
46665,0.354,0.0069999999999999,0.006,0.291,0.351,0.5720000000000001,0.285,0.002
46666,0.337,0.0069999999999999,0.006,0.27,0.335,0.542,0.263,0.002
46667,0.35,0.0069999999999999,0.006,0.286,0.352,0.547,0.28,0.002
46668,0.346,0.0069999999999999,0.0069999999999999,0.301,0.364,0.5710000000000001,0.27,0.002
46669,0.376,0.0069999999999999,0.009,0.311,0.386,0.583,0.28,0.003
46670,0.38,0.006,0.009,0.31,0.3879999999999999,0.5770000000000001,0.284,0.003
46671,0.368,0.006,0.01,0.319,0.375,0.568,0.286,0.003
46672,0.3979999999999999,0.005,0.01,0.313,0.4039999999999999,0.589,0.308,0.003
46673,0.346,0.005,0.01,0.3,0.387,0.562,0.282,0.003
